entry_id,date,track,framework_version,time_of_commitment,exact_distance,official_distance_designation,grade,going_allowance,trap_grid,selection,confidence,price_at_commitment,starting_price,result,principal_risk,material_change,process_compliance_grade,operator_disagreement,vacancy_testing_record,entry_file
20260805-monmore-1103,2026-08-05,Monmore,v2.0,10:48,480m,Standard,A8,-20,"T1 Swift Jess, T2 Shes Back, T3 Green Road, T4 Batmans Gift, T5 Aero Dignity, T6 Longacres Jet (W)",Swift Jess,Medium,3.5,7.00,3rd,"Aero Dignity holds the fastest calculated time of any survivor at today's exact distance and grade (29.15, beaten only a short head last time at this level), so a repeat of that closing effort beats the selection even if the first-bend projection goes to plan.",No,,,n/a — full six-trap field,greyhounds/entries/2026/08-05/monmore-1103.md
20260805-monmore-1119,2026-08-05,Monmore,v2.0,11:04,480m,Standard,A3,-20,"T1 Goldstar Michael, T2 Zenith Quincy, T3 Aero Hypernova, T4 Velvet Fernando, T5 vacant, T6 Longacres Ariel (W)",Zenith Quincy,Medium,3.5,8.00,2nd,"Goldstar Michael's one run at today's exact grade was a near-miss (2nd, beaten a short head, leading until near the line) and matches the same fastest recorded time as the selection; Velvet Fernando's calculated time from his last win is within a tenth of the selection's best and he showed the fastest recorded split of the whole field.",No,,,"Trap vacant: yes, T5. Directly adjacent: Velvet Fernando (T4, inside neighbour) and Longacres Ariel (T6, outside neighbour). Vacant space is outside Velvet Fernando and inside Longacres Ariel. Match to established tendency: Velvet Fernando is recorded as a mid-track runner, not a confirmed wide-seeker, so the outside gap does not clearly match his style; Longacres Ariel is a confirmed wide (W) runner, but the vacant space sits to her inside, not her outside, so it does not match her tendency either. Previous crowding for both is recorded (Crd2, Crd3, Fcd-Ck3) without the source side specified, so it cannot be tied to the now-vacant trap. Did not change the ranking, the selection, or confidence.",greyhounds/entries/2026/08-05/monmore-1119.md
20260805-monmore-1136,2026-08-05,Monmore,v2.0,11:21,480m,Standard,A8,-10,"T1 Skylars Chloe, T2 Longacres Brett, T3 Longrange Chico, T4 Swift Jolly, T5 Crafty Techno, T6 vacant",Longrange Chico,Medium,4.5,34.00,5th,"His most recent run (28Jul, 4th beaten 5¼L, slow away) was materially worse than the effort this selection is built on (23Jul, 2nd beaten ¾L while leading); if that more recent, weaker showing is the truer current form, the case does not hold.",No,,,"Trap vacant: yes, T6, the outermost trap. Directly adjacent: Crafty Techno (T5), the only neighbour since there is no trap beyond T6. The vacant space sits to his outside. Crafty Techno's recorded running style is mid-track (Mid tag throughout) with no confirmed wide tendency, so the extra outside room does not clearly match his established style. His recorded crowding (Crd3&4, Crd4, Crd1) does not specify the side it came from, so it cannot be tied to the now-vacant trap. Did not change the ranking, the selection, or confidence.",greyhounds/entries/2026/08-05/monmore-1136.md
20260805-monmore-1152,2026-08-05,Monmore,v2.0,11:37,480m,Standard,A7,-10,"T1 Aero Sizzler, T2 Longacres Cash, T3 Aero Greatest, T4 Yankee Tipp, T5 vacant, T6 Tullymurry Ned (W)",Yankee Tipp,High,3.25,2.88,1st,He has been eased out of the very top spot in two of his last three A7 runs by a nose-sized margin; the same tight finish today would be enough for a rival to reverse the placing.,No,,,"Trap vacant: yes, T5. Directly adjacent: Yankee Tipp (T4, inside neighbour) and Tullymurry Ned (T6, outside neighbour). Vacant space is outside Yankee Tipp and inside Tullymurry Ned. Neither is recorded as having a running-style tendency the vacant side specifically matches: Yankee Tipp is a mid-track/quick-away type with no wide tendency, and Tullymurry Ned's confirmed wide (W) tendency would be served by room to his outside, which does not exist beyond T6 regardless of T5's status. No previous crowding evidence for either runner is tied to that specific side. Did not change the ranking, the selection, or confidence.",greyhounds/entries/2026/08-05/monmore-1152.md
20260805-monmore-1209,2026-08-05,Monmore,v2.0,11:54,480m,Standard,A10,-10,"T1 Ropewalk Star, T2 Sugar Sherbut, T3 Tommys Grace, T4 Tommys Prosecco, T5 Kinaffe Star, T6 Dunquin Brendan (W)",Tommys Prosecco,Medium,4.5,5.50,6th,"Ropewalk Star holds the single fastest calculated time recorded by any runner in the field (29.74, a close second at today's grade); if he reproduces that effort rather than the weaker form shown since, he beats the selection on raw pace.",No,,,n/a — full six-trap field,greyhounds/entries/2026/08-05/monmore-1209.md
20260805-monmore-1226,2026-08-05,Monmore,v2.0,12:11,480m,Standard,A4,-10,"T1 Aero Neonpulse, T2 Aero Clipper, T3 Tromora Diamond, T4 Bangon Erika, T5 vacant, T6 Kilwest Beauty (W)",Tromora Diamond,Medium,6.0,6.00,4th,"Kilwest Beauty has already run once at today's exact grade (3rd, competitive despite being crowded twice) and holds a calculated time close to the selection's own best; a repeat of that effort without the trouble is enough to beat her.",No,,,"Trap vacant: yes, T5. Directly adjacent: Bangon Erika (T4, inside neighbour) and Kilwest Beauty (T6, outside neighbour). Vacant space is outside Bangon Erika and inside Kilwest Beauty. Neither runner's recorded running style is confirmed rail or confirmed wide in a way the vacant side specifically matches: Bangon Erika is recorded as mid-track, and Kilwest Beauty's tendency is recorded as mid-to-wide, best served by room to her outside, which does not exist beyond T6. No previous crowding evidence for either is tied to that specific side. Did not change the ranking, the selection, or confidence.",greyhounds/entries/2026/08-05/monmore-1226.md
20260805-monmore-1242,2026-08-05,Monmore,v2.0,12:27,480m,Standard,A8,-10,"T1 Longrange Comet, T2 Inca Darling, T3 Longacres Bocko, T4 vacant, T5 Winterfield Boom, T6 Slipalong Lotto (W)",Longacres Bocko,Medium,2.5,3.00,4th,"Inca Darling's one run at today's exact grade produced a runner-up finish despite being crowded at the start, on the back of a genuinely fast underlying time at a harder grade two runs ago; a clean repeat of that form beats the selection.",No,,,"Trap vacant: yes, T4. Directly adjacent: Longacres Bocko (T3, inside neighbour) and Winterfield Boom (T5, outside neighbour). Vacant space is outside Longacres Bocko and inside Winterfield Boom. Longacres Bocko's recorded style is mid-track with occasional quick starts, not a confirmed rail-seeker, so the outside gap does not clearly match a tendency. Winterfield Boom is a confirmed slow starter with no recorded wide or rail preference, so the inside gap does not clearly match his tendency either. No previous crowding evidence for either runner is tied to that specific side. Did not change the ranking, the selection, or confidence.",greyhounds/entries/2026/08-05/monmore-1242.md
20260805-monmore-1259,2026-08-05,Monmore,v2.0,12:44,480m,Standard,A7,-10,"T1 Winterfield Nina, T2 Flying Calvn, T3 All About Alice, T4 vacant, T5 Bloos Ladysandra, T6 Aero Storm (W)",Bloos Ladysandra,Medium,3.0,3.00,1st,"She has been crowded in four of her last five runs without ever getting a fully clear passage; if the pattern repeats today, the pace advantage may not convert into a finishing position regardless of raw speed.",No,,,"Trap vacant: yes, T4. Directly adjacent: All About Alice (T3, inside neighbour) and Bloos Ladysandra (T5, outside neighbour). Vacant space is outside All About Alice and inside Bloos Ladysandra. All About Alice's recent form gives too little evidence at today's distance to establish a running-style tendency the vacant side would match. Bloos Ladysandra's recorded crowding (Crd1, Crd3, Crd1/4, Crd3/4) does not specify the side it came from, so it cannot be tied to the now-vacant trap, and she has no recorded rail tendency that the inside gap would specifically suit. Did not change the ranking, the selection, or confidence.",greyhounds/entries/2026/08-05/monmore-1259.md
20260805-monmore-1316,2026-08-05,Monmore,v2.0,13:01,264m,Sprint,D1,-5,"T1 Aero Pattika, T2 Glasheen Eagle, T3 Longacres Danny, T4 Cherry Bee, T5 Wanfourtoeknee (W), T6 Sadele (W)",Wanfourtoeknee,High,4.5,7.00,3rd,"Sadele has shown confirmed quick pace and led throughout in every one of her recent wins, and holds calculated times close to the selection's own best, even though today is her first run at this exact grade.",No,,,n/a — full six-trap field,greyhounds/entries/2026/08-05/monmore-1316.md
20260805-monmore-1331,2026-08-05,Monmore,v2.0,13:16,480m,Standard,A9,-10,"T1 Magical Motion, T2 Winterfield Bro, T3 Shebas Comet, T4 Swift Style, T5 vacant, T6 Betrayl (W)",Magical Motion,Medium,2.625,1.62,3rd,"Betrayl has finished in the frame in every one of his last five runs, including two runner-up finishes at today's exact grade, despite being crowded in every single one of those races; a clean run today closes the gap on the selection's narrow margin.",No,,,"Trap vacant: yes, T5. Directly adjacent: Swift Style (T4, inside neighbour) and Betrayl (T6, outside neighbour). Vacant space is outside Swift Style and inside Betrayl. Swift Style shows no confirmed wide tendency the outside gap would specifically suit, and Betrayl's confirmed wide (W) tendency is best served by room to his outside, which does not exist beyond T6. Betrayl's crowding is recorded in every one of his last five runs without the source side specified, so it cannot be tied to the now-vacant trap. Did not change the ranking, the selection, or confidence.",greyhounds/entries/2026/08-05/monmore-1331.md
20260805-monmore-1346,2026-08-05,Monmore,v2.0,13:31,264m,Sprint,D3,-5,"T1 Good Luna, T2 Vixons Vanilla, T3 Beatties Lena, T4 Sheerans Boy, T5 Sugar Girl Dotty (W), T6 Winterfield Rio (W)",Winterfield Rio,Medium,3.0,2.25,5th,"Sheerans Boy showed confirmed quick early pace and led for most of his best recent run at today's exact grade, beaten only 1¼L; a repeat of that effort from an inside draw is a genuine threat to a runner who is consistently slow to begin.",No,,,n/a — full six-trap field,greyhounds/entries/2026/08-05/monmore-1346.md
20260805-monmore-1404,2026-08-05,Monmore,v2.0,13:49,480m,Standard,A5,-10,"T1 Aero Bang Bang, T2 Whisky Ernest, T3 Aero Walsh, T4 vacant, T5 Whyaye Dubai, T6 Longacres Ella (W)",Aero Walsh,High,2.875,1.80,1st,"Whyaye Dubai has won readily at successively harder grades in each of her last three starts, most recently four days ago; if that improvement carries straight through to today's further step up, she is the clearest threat despite it being her first run at this level.",No,,,"Trap vacant: yes, T4. Directly adjacent: Aero Walsh (T3, inside neighbour) and Whyaye Dubai (T5, outside neighbour). Vacant space is outside Aero Walsh and inside Whyaye Dubai. Neither runner's recorded style is confirmed rail or confirmed wide in a way that specifically matches the vacant side, and no previous crowding for either is tied to that side. Did not change the ranking, the selection, or confidence.",greyhounds/entries/2026/08-05/monmore-1404.md
20260813-newcastle-1837,2026-08-13,Newcastle,v2.0,16:15,480m,Standard,A2,"Not stated in source data at commitment","T1 Crack On Faye, T2 Solway Dream, T3 Wraysbury Angel, T4 Wipe The Slate, T5 Jacktavern Keano, T6 Grouchos Hawk (W)",Wipe The Slate,Medium,3.0,,,"Crack On Faye has recent winning form, reliable early pace and the inside route; a clean break can let her protect the rail before the selection crosses from T4.",No,,,n/a — full six-trap field,greyhounds/entries/2026/08-13/newcastle-1837.md
20260813-newcastle-1853,2026-08-13,Newcastle,v2.0,16:15,480m,Standard,A4,"Not stated in source data at commitment","T1 Fine By Me, T2 Trevorfoot, T3 Slingshot Forth, T4 Ballinderry Faye, T5 Alove Supreme (W), T6 Solway Ernie (W)",Ballinderry Faye,Medium,3.75,,,"Alove Supreme is the quickest recent starter and can establish first-bend control from T5 if Ballinderry Faye repeats her latest missed break.",No,,,n/a — full six-trap field,greyhounds/entries/2026/08-13/newcastle-1853.md
20260813-newcastle-1911,2026-08-13,Newcastle,v2.0,16:15,480m,Standard,A1,"Not stated in source data at commitment","T1 Highview Joey, T2 Skye The Boss, T3 Crooks Mackemboy, T4 Slingshot Blue, T5 Brunssum Bubble, T6 Slingshot Leeona",Crooks Mackemboy,Medium,2.5,,,"Slingshot Blue has recorded the fastest calculated A1 time in the field and sits directly outside the selection with comparable early pace.",No,,,n/a — full six-trap field,greyhounds/entries/2026/08-13/newcastle-1911.md
20260813-newcastle-1927,2026-08-13,Newcastle,v2.0,16:15,480m,Standard,OR,"Not stated in source data at commitment","T1 Solway Gypsy, T2 Unanimous Leo, T3 Putya Foot Down (M), T4 Unsurprisingly (M), T5 Five Ofa Kind (M), T6 Bombay Fantasy (W)",Solway Gypsy,High,3.5,,,"Five Ofa Kind has a 28.69 calculated open-race effort and enough early pace to challenge if the selection fails to protect the inside.",No,,,n/a — full six-trap field,greyhounds/entries/2026/08-13/newcastle-1927.md
20260813-newcastle-1944,2026-08-13,Newcastle,v2.0,16:15,480m,Standard,OR,"Not stated in source data at commitment","T1 Bluebell Teddy, T2 Bramble Harvey, T3 Fabulous Adriana (M), T4 Fabulous Kira (M), T5 Romeo Elite (W), T6 Fabulous Harmony (W)",Fabulous Harmony,Medium,2.5,,,"Fabulous Adriana has repeatedly led or raced prominently from T3 and can establish a decisive advantage before the selection's stronger finish becomes relevant.",No,,,n/a — full six-trap field,greyhounds/entries/2026/08-13/newcastle-1944.md
20260813-newcastle-2001,2026-08-13,Newcastle,v2.0,16:15,290m,Sprint,OR,"Not stated in source data at commitment","T1 Niosfearrnabolt, T2 Wraysbury Ace, T3 Solway Ocean, T4 Innfield Bucko (M), T5 Slingshot Gazza (M), T6 Romeo Vega (M)",Slingshot Gazza,High,1.571,,,"Niosfearrnabolt has repeatedly reached the front in sprint company and is drawn on the rail, giving him the clearest route to punish any missed break by the selection.",No,,,n/a — full six-trap field,greyhounds/entries/2026/08-13/newcastle-2001.md
20260813-newcastle-2019,2026-08-13,Newcastle,v2.0,16:15,480m,Standard,OR,"Not stated in source data at commitment","T1 Drombeg Angel, T2 Aero Advocate, T3 Slinky Dog Dash (M), T4 Love The Dogs (M), T5 Crossfield Dean (M), T6 Turncoat Ted (W)",Drombeg Angel,Medium,2.0,,,"Love The Dogs has repeatable 4.53–4.61 early pace and a 28.91 calculated A2 win, so can control the race if the selection does not hold the rail.",No,,,n/a — full six-trap field,greyhounds/entries/2026/08-13/newcastle-2019.md
20260813-newcastle-2036,2026-08-13,Newcastle,v2.0,16:15,480m,Standard,A8,"Not stated in source data at commitment","T1 Highview Cutie, T2 Sivako, T3 Swift Zen, T4 Anglesey Savana, T5 Crooks Rocky, T6 Drombeg Nova (W)",Highview Cutie,Medium,4.0,,,"Drombeg Nova owns the fastest recent calculated time in the field and is correctly drawn wide; a cleaner break would erase the selection's early advantage.",No,,,n/a — full six-trap field,greyhounds/entries/2026/08-13/newcastle-2036.md
20260813-newcastle-2054,2026-08-13,Newcastle,v2.0,16:15,480m,Standard,A7,"Not stated in source data at commitment","T1 Texas Bonnie, T2 Churro, T3 Canny Smiler, T4 Wirtz Class, T5 Lexis Bullet (W), T6 Inclement Mist (W)",Lexis Bullet,Medium,4.5,,,"Canny Smiler is improving, has won two of the last four standard races and can secure a better first-bend position from T3.",No,,,n/a — full six-trap field,greyhounds/entries/2026/08-13/newcastle-2054.md
20260813-newcastle-2111,2026-08-13,Newcastle,v2.0,16:15,480m,Standard,HP,"Not stated in source data at commitment","T1 Chips Ahoy (R13), T2 Quivers Haka (R12), T3 El Mirador (R10), T4 Anglesey Flight (R6), T5 Footfield Squeak (R4), T6 Fabulous Leona (Scr)",Footfield Squeak,Low,4.0,,,"Fabulous Leona is the fastest runner on raw calculated time and starts from scratch; if the stagger compresses cleanly, her superior grade ability can decide the race.",No,,,"n/a — full six-runner handicap; R13/R12/R10/R6/R4/Scr are handicap marks, not vacant traps",greyhounds/entries/2026/08-13/newcastle-2111.md
20260813-newcastle-2128,2026-08-13,Newcastle,v2.0,16:15,480m,Standard,A3,"Not stated in source data at commitment","T1 Ballymac Neems, T2 Rios Diva, T3 Canny Striker, T4 Greenwell Genuis, T5 Romeo Mig (W), T6 Inclement Cindy (W)",Inclement Cindy,Medium,2.875,,,"Canny Striker is already proven at A3, has repeated calculated times around 29.10 and can exploit any pressure on the selection from the middle runners.",No,,,n/a — full six-trap field,greyhounds/entries/2026/08-13/newcastle-2128.md
20260813-newcastle-2146,2026-08-13,Newcastle,v2.0,16:15,480m,Standard,A7,"Not stated in source data at commitment","T1 Howtimeflys, T2 Mollys Aoibhe, T3 Highview Edge, T4 Johnny Chase, T5 Canny Orla, T6 Slippy Poppy (W)",Howtimeflys,Medium,2.625,,,"Highview Edge drops from A6 with a 29.54 calculated time and can improve past a selection whose five consecutive seconds show both consistency and limited winning conversion.",No,,,n/a — full six-trap field,greyhounds/entries/2026/08-13/newcastle-2146.md
